number_wins,number_losses,number_pushes,number_blackjack,house_advantage_%,end_tokens,max_tokens,min_tokens,average_tokens,total_profit,total_bets,average_return_per_hand,end_tokens_without_card_counting,min_tokens_without_card_counting
473,473,83,38,0.0,12400.0,15025.0,7450.0,12136.23786407767,2400.0,162250.0,0.014791987673343606,11900.0,8550.0
434,472,109,32,3.740157480314961,9850.0,13600.0,8800.0,11110.580708661417,-150.0,138700.0,-0.0010814708002883922,7800.0,6950.0
458,473,102,34,1.4506769825918762,18325.0,19525.0,9100,11923.355899419728,8325.0,136450.0,0.06101135947233419,10200.0,8350.0
278,342,45,23,9.60960960960961,0.0,10000,0.0,6627.6651651651655,-10000.0,101000.0,-0.09900990099009901,4750.0,4750.0
417,468,91,40,5.220061412487206,0.0,13800.0,0.0,7683.520982599795,-10000.0,143475.0,-0.06969855375500958,6900.0,6900.0
485,470,77,32,-1.452081316553727,22550.0,23350.0,8150.0,15024.152952565344,12550.0,148950.0,0.08425646189996643,13100.0,7550.0
483,454,92,35,-2.815533980582524,24500.0,25150.0,8850.0,18718.980582524273,14500.0,162800.0,0.08906633906633907,14650.0,9050.0
465,466,90,42,0.09784735812133072,21125.0,21675.0,9750.0,15460.24951076321,11125.0,145700.0,0.07635552505147564,12000.0,9200.0
465,479,76,35,1.3712047012732616,16400.0,19300.0,8375.0,13919.417238001959,6400.0,158050.0,0.04049351471053464,10350.0,9100.0
176,227,40,17,11.486486486486488,0.0,11200.0,0.0,6431.756756756757,-10000.0,61575.0,-0.16240357287860333,5750.0,5750.0
431,513,79,29,8.0078125,6850.0,11800.0,5075.0,8656.3232421875,-3150.0,141850.0,-0.022206556221360592,3250.0,3250.0
449,484,91,34,3.414634146341464,9600.0,13200.0,7750.0,10192.80487804878,-400.0,140750.0,-0.002841918294849023,8200.0,7400.0
476,454,86,41,-2.1632251720747298,22200.0,22200.0,9600,15035.496558505409,12200.0,143350.0,0.0851063829787234,14250.0,9100.0
482,460,89,36,-2.131782945736434,16425.0,16675.0,9700,13341.279069767443,6425.0,136150.0,0.047190598604480355,14000.0,9600
503,444,80,48,-5.739299610894942,20950.0,21000.0,9150.0,13397.884241245136,10950.0,136850.0,0.08001461454146876,18300.0,9150.0
446,488,96,45,4.073714839961203,4225.0,11675.0,2275.0,7405.286129970902,-5775.0,150300.0,-0.03842315369261477,8050.0,5800.0
491,454,80,42,-3.6062378167641325,18675.0,19075.0,7700.0,13587.938596491229,8675.0,132550.0,0.06544700113164843,15800.0,8000.0
465,475,89,33,0.9708737864077669,11200.0,14650.0,9300.0,11887.669902912621,1200.0,161700.0,0.0074211502782931356,10650.0,8500.0
425,503,92,30,7.639569049951028,2850.0,10100,1550.0,6459.500489715965,-7150.0,146500.0,-0.04880546075085324,3700.0,3400.0
457,486,87,31,2.8128031037827355,7600.0,12175.0,6500.0,10000.557710960233,-2400.0,147000.0,-0.0163265306122449,8650.0,8000.0
437,492,87,29,5.408062930186824,7100.0,15950.0,5100.0,11060.98820058997,-2900.0,144150.0,-0.020117932708983696,5950.0,4850.0
456,457,110,36,0.09765625,8925.0,11600.0,3375.0,7095.5322265625,-1075.0,131550.0,-0.008171797795515013,11700.0,7500.0
470,466,91,29,-0.38910505836575876,16700.0,18050.0,8750.0,12580.982490272374,6700.0,146050.0,0.04587470044505306,11850.0,8400.0
462,472,95,36,0.9708737864077669,16125.0,16325.0,9300.0,12247.038834951456,6125.0,144800.0,0.04229972375690608,10800.0,8350.0
444,477,96,32,3.2416502946954813,11075.0,14650.0,9250.0,11606.188605108055,1075.0,134900.0,0.007968865826538177,8300.0,7900.0
461,483,88,34,2.1297192642787994,9975.0,14025.0,7150.0,10749.17715392062,-25.0,147750.0,-0.00016920473773265651,9500.0,8100.0
475,457,93,32,-1.7543859649122806,14200.0,19150.0,6950.0,13346.637426900585,4200.0,159700.0,0.026299311208515967,13400.0,8800
477,454,98,38,-2.233009708737864,21100.0,23100.0,9750.0,16329.223300970874,11100.0,158600.0,0.06998738965952081,14200.0,10000
434,496,88,31,6.084396467124632,4725.0,10150.0,525.0,5082.801766437684,-5275.0,131100.0,-0.04023646071700992,5350.0,3250.0
471,472,79,38,0.09775171065493646,14925.0,16425.0,9550.0,13570.185728250244,4925.0,145300.0,0.03389538885065382,11800.0,9700
290,314,51,12,3.6585365853658534,0.0,11650.0,0.0,7923.094512195122,-10000.0,96900.0,-0.10319917440660474,8200.0,8200.0
480,470,77,37,-0.9727626459143969,16375.0,16775.0,8900.0,12237.791828793774,6375.0,132000.0,0.048295454545454544,12850.0,8800.0
476,465,87,40,-1.0689990281827018,18350.0,18550.0,4800.0,9552.96404275996,8350.0,148600.0,0.056191117092866755,13100.0,7450.0
446,482,94,37,3.519061583577713,11875.0,11875.0,3275.0,7246.13880742913,1875.0,129750.0,0.014450867052023121,8250.0,4800.0
440,491,88,35,5.0,10075.0,12475.0,7075.0,10134.926470588236,75.0,145600.0,0.0005151098901098901,6650.0,6600.0
474,473,76,48,-0.09765625,13200.0,15650.0,8650.0,12065.0634765625,3200.0,130000.0,0.024615384615384615,12500.0,8700.0
458,474,87,36,1.5686274509803921,7075.0,12500.0,6225.0,9425.14705882353,-2925.0,145100.0,-0.020158511371467954,10200.0,8500.0
474,476,78,45,0.1943634596695821,10500.0,14450.0,6700.0,11042.468415937803,500.0,153800.0,0.003250975292587776,12050.0,9050.0
458,460,99,30,0.19646365422396855,18775.0,21925.0,8500.0,13725.49115913556,8775.0,148150.0,0.059230509618629766,11300.0,8800.0
458,497,74,32,3.7864077669902914,10450.0,15350.0,7800.0,12664.174757281553,450.0,145400.0,0.003094910591471802,7700.0,7450.0
453,470,101,32,1.6585365853658538,13500.0,15050.0,9225.0,11849.780487804877,3500.0,145200.0,0.024104683195592287,9900.0,8250.0
467,471,90,35,0.3887269193391642,12650.0,15550.0,9700,12033.430515063168,2650.0,144500.0,0.01833910034602076,11350.0,8000.0
426,496,101,25,6.8359375,2525.0,10400,1075.0,5595.849609375,-7475.0,144450.0,-0.051748009691934924,4250.0,3450.0
469,463,89,42,-0.5870841487279843,16825.0,17075.0,9750.0,13569.422700587083,6825.0,142350.0,0.04794520547945205,12700.0,9500.0
423,514,86,32,8.88671875,1475.0,11200.0,675.0,5443.2373046875,-8525.0,147750.0,-0.05769881556683587,2500.0,1750.0
448,485,87,24,3.623898139079334,9025.0,12100.0,5575.0,9271.914789422135,-975.0,159550.0,-0.0061109370103415855,7500.0,5950.0
500,448,85,36,-5.029013539651837,18175.0,18775.0,9000,13471.760154738879,8175.0,149100.0,0.05482897384305835,17000.0,9100
461,469,97,23,0.7782101167315175,12225.0,14100.0,7650.0,10390.077821011673,2225.0,163200.0,0.01363357843137255,10350.0,8050.0
456,491,78,38,3.41130604288499,12350.0,13425.0,5925.0,8862.865497076024,2350.0,156200.0,0.015044814340588988,8400.0,5800.0
458,483,82,42,2.44140625,11525.0,17075.0,7875.0,12513.720703125,1525.0,158650.0,0.00961235423889064,9600.0,8600.0
445,493,88,37,4.673807205452775,11850.0,13625.0,4675.0,10170.740019474197,1850.0,165650.0,0.011168125565952309,7050.0,6600.0
462,482,77,45,1.9569471624266144,12600.0,12950.0,7650.0,10889.359099804306,2600.0,141700.0,0.01834862385321101,10250.0,8800.0
468,476,79,36,0.78125,12775.0,15525.0,8175.0,11466.40625,2775.0,142900.0,0.01941917424772568,11000.0,9500.0
458,483,82,40,2.44140625,9375.0,14400.0,7225.0,11011.669921875,-625.0,143750.0,-0.004347826086956522,9500.0,7650.0
458,487,84,33,2.815533980582524,16350.0,16550.0,3600.0,9342.378640776698,6350.0,161700.0,0.03927025355596784,8750.0,5300.0
477,455,94,46,-2.142161635832522,19575.0,20750.0,8750.0,15613.534566699123,9575.0,134050.0,0.07142857142857142,14500.0,9400
456,488,82,30,3.11587147030185,14275.0,15725.0,9600.0,12060.66212268744,4275.0,148000.0,0.028885135135135135,8300.0,7200.0
458,487,88,44,2.804642166344294,8625.0,12500.0,7275.0,9708.438104448744,-1375.0,151800.0,-0.009057971014492754,9300.0,8400.0
475,453,98,38,-2.142161635832522,26075.0,26425.0,7075.0,14563.656280428433,16075.0,153350.0,0.10482556243886534,14100.0,7800.0
432,499,99,29,6.498545101842872,7525.0,10775.0,6650.0,8829.243452958293,-2475.0,139400.0,-0.017754662840746054,4750.0,4500.0
449,472,99,34,2.2526934378060726,14275.0,15525.0,4275.0,11199.069539666993,4275.0,152150.0,0.028097272428524483,9400.0,5000.0
449,487,85,40,3.7181996086105675,13350.0,17125.0,9375.0,13545.034246575342,3350.0,171950.0,0.019482407676650187,8200.0,6300.0
456,466,100,35,0.9775171065493646,14100.0,19250.0,9475.0,14476.490713587487,4100.0,159850.0,0.02564904598060682,10750.0,9300.0
462,464,94,37,0.1958863858961802,20150.0,23900.0,9250.0,16325.24485798237,10150.0,139450.0,0.07278594478307637,11650.0,9050.0
446,482,92,32,3.525954946131244,6800.0,11900.0,6800.0,9289.373163565133,-3200.0,133700.0,-0.02393418100224383,8000.0,6650.0
412,470,88,35,5.9732234809474765,0.0,12050.0,0.0,4488.311019567456,-10000.0,156675.0,-0.06382639221318015,5950.0,5550.0
469,490,70,37,2.0388349514563107,13500.0,13700.0,5850.0,9438.543689320388,3500.0,138400.0,0.025289017341040464,9750.0,6750.0
477,462,87,30,-1.4605647517039921,15600.0,16900.0,6900.0,12125.657254138267,5600.0,162000.0,0.0345679012345679,13000.0,8600.0
208,287,47,14,14.548802946593002,0.0,10600.0,0.0,5711.187845303867,-10000.0,69775.0,-0.14331780723754928,2800.0,2800.0
443,475,104,42,3.1280547409579667,11675.0,12500.0,8325.0,10613.685239491691,1675.0,131300.0,0.012757044935262756,8900.0,7550.0
438,499,88,33,5.9454191033138395,9975.0,15375.0,8575.0,11669.37134502924,-25.0,149800.0,-0.00016688918558077436,5550.0,4850.0
462,482,83,28,1.9455252918287937,13675.0,17225.0,9100,13891.415369649805,3675.0,135200.0,0.027181952662721894,9400.0,9100
448,491,85,39,4.195121951219512,8900.0,17175.0,7800.0,13171.634146341463,-1100.0,163250.0,-0.006738131699846861,7650.0,6850.0
441,492,90,36,4.98046875,11325.0,12800.0,6575.0,9695.01953125,1325.0,139000.0,0.009532374100719424,6700.0,4850.0
433,505,97,34,6.94980694980695,5300.0,12325.0,4950.0,8291.916023166023,-4700.0,146300.0,-0.03212576896787423,4500.0,4150.0
474,465,90,43,-0.8737864077669903,19275.0,19275.0,8650.0,14027.766990291262,9275.0,144350.0,0.06425355039833737,13050.0,9250.0
469,474,79,39,0.4887585532746823,20375.0,20925.0,7950.0,13687.267839687194,10375.0,144750.0,0.07167530224525043,11450.0,7750.0
444,480,99,33,3.515625,8775.0,13025.0,6625.0,9444.2626953125,-1225.0,145600.0,-0.008413461538461538,8050.0,7150.0
458,480,79,37,2.161100196463654,16375.0,18825.0,8700.0,13702.357563850688,6375.0,137450.0,0.04638050200072754,9650.0,8350.0
454,464,104,35,0.9775171065493646,13800.0,15300.0,7175.0,11505.449657869012,3800.0,154200.0,0.02464332036316472,10750.0,8100.0
480,464,92,32,-1.5429122468659595,20400.0,23800.0,9600,16274.614271938284,10400.0,152700.0,0.06810740013097577,13200.0,9500.0
447,484,91,37,3.6168132942326494,10675.0,12800.0,8450.0,10935.361681329423,675.0,138150.0,0.004885993485342019,8150.0,7800.0
460,481,88,39,2.0388349514563107,17475.0,21200.0,9700,17073.203883495145,7475.0,146050.0,0.051181102362204724,9850.0,9650.0
464,486,75,39,2.144249512670565,15300.0,15725.0,8175.0,11876.388888888889,5300.0,154900.0,0.0342156229825694,9750.0,8600.0
463,493,70,30,2.9211295034079843,11250.0,12400.0,7900.0,10012.658227848102,1250.0,152100.0,0.00821827744904668,8500.0,7000.0
445,493,84,28,4.69208211143695,16400.0,19400.0,9200,15191.88660801564,6400.0,138600.0,0.046176046176046176,6600.0,5900.0
459,498,71,36,3.7900874635568513,13600.0,15350.0,5750.0,9447.837706511176,3600.0,143400.0,0.02510460251046025,7900.0,5650.0
457,465,101,27,0.78125,20750.0,22050.0,7200.0,14670.263671875,10750.0,152100.0,0.07067718606180144,10550.0,7300.0
449,501,73,34,5.078125,4275.0,11350.0,2125.0,6174.560546875,-5725.0,132850.0,-0.04309371471584494,6500.0,5650.0
487,448,97,42,-3.77541142303969,21950.0,22350.0,8850.0,14744.191674733785,11950.0,140050.0,0.08532666904676901,16000.0,9350.0
449,479,97,36,2.923976608187134,10850.0,12650.0,7400.0,9906.62768031189,850.0,147200.0,0.00577445652173913,8800.0,6550.0
429,490,105,35,5.951219512195122,2350.0,11600.0,1600.0,6239.804878048781,-7650.0,128450.0,-0.05955624756714675,5650.0,4600.0
437,485,101,35,4.6875,10275.0,12900.0,7000.0,9703.41796875,275.0,138100.0,0.0019913106444605358,6950.0,5650.0
435,490,90,36,5.413385826771654,8925.0,13700.0,2775.0,8981.545275590552,-1075.0,158500.0,-0.006782334384858044,6300.0,4250.0
460,479,86,37,1.8518518518518516,17900.0,18950.0,8600.0,11937.889863547758,7900.0,145900.0,0.05414667580534613,9950.0,8250.0
448,483,97,31,3.4013605442176873,9100.0,12300.0,6975.0,10093.221574344023,-900.0,137800.0,-0.006531204644412192,8050.0,7800.0
450,481,96,31,3.0155642023346303,8050.0,12150.0,7525.0,9784.727626459144,-1950.0,140250.0,-0.013903743315508022,8450.0,7400.0
453,487,90,41,3.2977691561590685,12650.0,15225.0,9075.0,12670.562560620756,2650.0,154350.0,0.017168772270813086,8650.0,7200.0
477,468,89,32,-0.8695652173913043,19125.0,19725.0,9900,14358.115942028986,9125.0,176550.0,0.05168507504956103,12500.0,9400.0
475,451,97,30,-2.34375,20325.0,20325.0,9075.0,13137.1337890625,10325.0,155500.0,0.06639871382636656,13900.0,7900.0
470,452,100,30,-1.7595307917888565,18725.0,19625.0,7200.0,11952.150537634408,8725.0,157200.0,0.055502544529262086,13300.0,7650.0
451,498,76,31,4.580896686159844,8050.0,11275.0,7875.0,9747.344054580897,-1950.0,136950.0,-0.014238773274917854,6850.0,6850.0
442,502,87,28,5.813953488372093,12100.0,13700.0,7500.0,10157.19476744186,2100.0,149950.0,0.014004668222740914,5400.0,4150.0
453,502,78,37,4.738878143133462,9275.0,14625.0,8050.0,11083.244680851063,-725.0,163500.0,-0.0044342507645259936,6950.0,6850.0
470,465,89,29,-0.4878048780487805,11750.0,14750.0,5350.0,10340.682926829268,1750.0,175800.0,0.009954493742889647,11950.0,7900.0
460,486,84,37,2.521823472356935,13225.0,16925.0,8875.0,13699.321047526673,3225.0,150400.0,0.02144281914893617,9250.0,8750.0
438,488,97,28,4.8828125,8875.0,11100.0,6250.0,8931.73828125,-1125.0,151550.0,-0.0074232926426921805,6400.0,6200.0
463,471,88,34,0.7820136852394917,14575.0,14925.0,9500,12044.354838709678,4575.0,159550.0,0.028674396740833594,10900.0,8350.0
439,486,94,38,4.6078431372549025,10425.0,14925.0,7850.0,11620.073529411764,425.0,147800.0,0.002875507442489851,7200.0,7200.0
433,513,71,36,7.858546168958743,2200.0,11650.0,875.0,6676.645383104125,-7800.0,141900.0,-0.05496828752642706,3800.0,2900.0
460,474,88,39,1.3685239491691104,11025.0,15100.0,7950.0,11618.768328445747,1025.0,150750.0,0.0067993366500829185,10550.0,9100.0
491,464,77,35,-2.6137463697967087,15300.0,16100.0,9500.0,12906.727976766699,5300.0,135800.0,0.0390279823269514,14450.0,9900
375,435,68,29,6.825938566552901,0.0,12200.0,0.0,7161.575654152446,-10000.0,135050.0,-0.07404664938911515,5450.0,5450.0
458,479,86,33,2.05078125,13125.0,17875.0,8525.0,11841.0888671875,3125.0,147150.0,0.02123683316343867,9550.0,6200.0
442,501,86,31,5.728155339805825,5100.0,10000,3575.0,6182.281553398058,-4900.0,159450.0,-0.03073063656318595,5650.0,5300.0
462,475,93,37,1.2609117361784674,13800.0,15550.0,8600.0,11997.76915615907,3800.0,140450.0,0.027055891776432896,10550.0,8450.0
430,498,94,29,6.647116324535679,7550.0,16750.0,6800.0,11555.791788856304,-2450.0,157750.0,-0.015530903328050714,4650.0,4450.0
457,479,90,27,2.142161635832522,12450.0,14750.0,5425.0,9987.414800389484,2450.0,143900.0,0.017025712300208478,9150.0,5850.0
464,462,101,36,-0.19455252918287938,14850.0,16350.0,8375.0,11361.089494163423,4850.0,156150.0,0.03105987832212616,12000.0,8700.0
461,474,98,28,1.2572533849129592,14175.0,15325.0,7700.0,10692.117988394584,4175.0,140700.0,0.029673063255152808,10100.0,6800.0
438,497,86,41,5.772994129158512,5725.0,13850.0,4275.0,9368.444227005872,-4275.0,147900.0,-0.028904665314401622,6150.0,5500.0
482,463,84,38,-1.8446601941747571,19100.0,19450.0,6500.0,11809.296116504855,9100.0,179350.0,0.05073877892389183,13800.0,8950.0
453,489,79,30,3.522504892367906,7950.0,12975.0,6150.0,10138.331702544032,-2050.0,147750.0,-0.013874788494077835,7900.0,6900.0
457,493,77,31,3.501945525291829,11600.0,14250.0,4650.0,9443.506809338522,1600.0,154100.0,0.010382868267358857,7950.0,5600.0
442,488,96,33,4.47906523855891,7625.0,15850.0,7150.0,11405.598831548199,-2375.0,167400.0,-0.014187574671445638,7050.0,6950.0
439,501,84,38,6.048780487804878,6475.0,10300,2475.0,6018.170731707317,-3525.0,145600.0,-0.024210164835164836,5700.0,3500.0
461,486,81,36,2.4295432458697768,14725.0,15875.0,9800,12451.846452866861,4725.0,137500.0,0.03436363636363637,9300.0,7850.0
434,485,96,31,5.019685039370079,4200.0,12250.0,4100.0,7678.494094488189,-5800.0,162100.0,-0.03578038247995065,6450.0,6350.0
449,487,87,47,3.7109375,9700.0,11625.0,3900.0,6963.96484375,-300.0,145800.0,-0.00205761316872428,8550.0,6950.0
461,467,97,36,0.5847953216374269,13475.0,15175.0,5900.0,10112.061403508771,3475.0,159850.0,0.021739130434782608,11200.0,8500.0
431,480,108,39,4.803921568627452,10750.0,13400.0,6150.0,10214.85294117647,750.0,177350.0,0.00422892585283338,7050.0,5650.0
465,461,92,38,-0.39254170755642787,13650.0,16000.0,6350.0,11688.174681059863,3650.0,133350.0,0.027371578552680915,12300.0,8500.0
441,499,87,33,5.642023346303502,6550.0,12300.0,3200.0,7578.550583657588,-3450.0,153350.0,-0.022497554613628953,5850.0,5550.0
467,468,91,34,0.09737098344693282,23300.0,23975.0,9800,17300.14605647517,13300.0,143200.0,0.09287709497206705,11600.0,9100.0
466,475,87,40,0.8746355685131195,11475.0,15000.0,8175.0,11559.110787172012,1475.0,149450.0,0.009869521579123453,11100.0,8850.0
451,498,77,36,4.576436222005842,14675.0,18025.0,9550.0,13561.830574488802,4675.0,152750.0,0.03060556464811784,7100.0,7100.0
452,458,110,30,0.5876591576885406,14625.0,17400.0,7250.0,12730.803134182175,4625.0,155700.0,0.02970456005138086,10900.0,7750.0
451,496,86,31,4.352030947775629,8125.0,10925.0,5275.0,8291.29593810445,-1875.0,137650.0,-0.013621503814021068,7050.0,5600.0
475,450,93,32,-2.4533856722276743,21125.0,24475.0,9900,18878.55740922473,11125.0,138800.0,0.08015129682997119,14100.0,9900
458,466,91,26,0.7874015748031495,10150.0,13750.0,6800.0,10162.007874015748,150.0,156800.0,0.0009566326530612245,10500.0,8850.0
468,471,85,33,0.2926829268292683,11250.0,17000.0,9900,12605.658536585366,1250.0,153400.0,0.008148631029986962,11350.0,9650.0
444,483,94,36,3.816046966731898,8025.0,13800.0,5875.0,9292.734833659491,-1975.0,140200.0,-0.014087018544935806,7900.0,6400.0
430,496,93,44,6.470588235294119,4150.0,11850.0,4000.0,8648.28431372549,-5850.0,146250.0,-0.04,5600.0,5450.0
464,480,77,28,1.5655577299412915,11075.0,13150.0,7000.0,9822.822896281801,1075.0,148150.0,0.007256159298008775,9800.0,7950.0
460,466,90,36,0.5899705014749262,13800.0,15100.0,8150.0,10960.963618485743,3800.0,145800.0,0.02606310013717421,11200.0,9350.0
450,491,90,36,3.9728682170542635,10100.0,15450.0,7150.0,10398.982558139534,100.0,172000.0,0.0005813953488372093,7700.0,6950.0
463,472,89,36,0.878048780487805,12175.0,15300.0,7600.0,11420.341463414634,2175.0,144900.0,0.015010351966873706,10900.0,8050.0
444,492,91,35,4.669260700389105,11125.0,13425.0,7525.0,9973.321984435797,1125.0,154250.0,0.007293354943273906,6950.0,5950.0
458,479,82,37,2.0588235294117645,9900.0,12700.0,6825.0,9765.735294117647,-100.0,150650.0,-0.0006637902422834385,9750.0,9000.0
467,459,97,40,-0.78125,19075.0,19175.0,8125.0,12699.7802734375,9075.0,149850.0,0.06056056056056056,12800.0,8800.0
463,491,71,41,2.729044834307992,8500.0,11400.0,4950.0,8535.623781676413,-1500.0,135900.0,-0.011037527593818985,9250.0,7450.0
443,501,81,39,5.653021442495127,5500.0,12100.0,3500.0,8494.103313840156,-4500.0,144850.0,-0.031066620642043494,6150.0,4800.0
449,489,87,37,3.898635477582846,4950.0,13750.0,2550.0,6974.8294346978555,-5050.0,153100.0,-0.03298497713912475,7850.0,5950.0
456,481,89,35,2.4342745861733204,11175.0,14550.0,9250.0,12183.42259006816,1175.0,139800.0,0.008404864091559371,9250.0,8850.0
457,473,96,29,1.557935735150925,17525.0,18375.0,7025.0,10725.754625121714,7525.0,155900.0,0.04826812059012187,9850.0,6600.0
444,494,82,32,4.897159647404505,3425.0,10900.0,875.0,5241.52791380999,-6575.0,158700.0,-0.04143037177063642,6600.0,5350.0
444,488,89,34,4.305283757338552,10725.0,13925.0,5975.0,8758.023483365949,725.0,147300.0,0.004921928038017651,7300.0,7050.0
467,464,99,46,-0.2909796314258002,9325.0,10850.0,5825.0,8359.723569350146,-675.0,135800.0,-0.004970544918998527,12600.0,7550.0
446,478,97,36,3.131115459882583,12425.0,14825.0,6550.0,11154.109589041096,2425.0,144800.0,0.016747237569060772,8600.0,8050.0
438,487,88,33,4.832347140039447,1250.0,12350.0,950.0,8310.355029585799,-8750.0,146050.0,-0.05991098938719617,6750.0,6200.0
228,312,66,19,13.838550247116968,0.0,10100,0.0,5821.499176276771,-10000.0,90300.0,-0.11074197120708748,2550.0,2450.0
454,485,97,34,2.9893924783027965,15275.0,15925.0,6350.0,11493.70781099325,5275.0,161050.0,0.03275380316671841,8600.0,7000.0
465,464,93,32,-0.09775171065493646,12225.0,18175.0,9800,14062.487781036169,2225.0,149800.0,0.014853137516688918,11700.0,9800
447,491,85,31,4.296875,7700.0,10700,5950.0,8140.8203125,-2300.0,128850.0,-0.01785021342646488,7150.0,5900.0
440,500,83,29,5.859375,2675.0,10850.0,2675.0,5160.44921875,-7325.0,137350.0,-0.05333090644339279,5450.0,5100.0
433,509,83,33,7.4074074074074066,8825.0,10450.0,5025.0,8000.779727095516,-1175.0,142600.0,-0.008239831697054698,4050.0,2500.0
433,507,90,38,7.177497575169737,5400.0,10900.0,3000.0,6383.365664403492,-4600.0,140400.0,-0.03276353276353276,4500.0,4150.0
449,475,98,39,2.541544477028348,14375.0,22300.0,7450.0,14723.36265884653,4375.0,158750.0,0.027559055118110236,9350.0,8700.0
460,468,96,34,0.7804878048780488,9575.0,10750.0,2650.0,6601.707317073171,-425.0,167700.0,-0.002534287418008348,10900.0,5900.0
454,479,93,33,2.4342745861733204,8950.0,13400.0,5850.0,9994.401168451801,-1050.0,159800.0,-0.006570713391739674,9150.0,7700.0
452,480,99,31,2.7131782945736433,8525.0,12950.0,7350.0,10011.070736434109,-1475.0,143850.0,-0.010253736531108794,8750.0,8150.0
450,506,77,39,5.415860735009671,9800.0,11750.0,4800.0,8507.809477756286,-200.0,158300.0,-0.0012634238787113076,6350.0,3250.0
442,492,89,29,4.8828125,7400.0,11700.0,7200.0,10015.283203125,-2600.0,126900.0,-0.02048857368006304,6450.0,6250.0
448,488,82,33,3.9254170755642788,12275.0,13025.0,4750.0,8618.400392541707,2275.0,140400.0,0.016203703703703703,7650.0,5150.0
471,489,69,42,1.7475728155339807,8475.0,10250.0,2950.0,6918.203883495145,-1525.0,164250.0,-0.00928462709284627,10300.0,7850.0
442,477,103,35,3.4213098729227758,8075.0,10900.0,5475.0,8563.831867057674,-1925.0,148050.0,-0.013002364066193853,8250.0,6350.0
464,481,89,37,1.6425120772946862,9925.0,12050.0,6300.0,8670.072463768116,-75.0,145650.0,-0.0005149330587023687,10150.0,5750.0
469,466,95,21,-0.2909796314258002,14700.0,17650.0,9900,13876.163918525703,4700.0,147500.0,0.031864406779661014,11350.0,9600.0
242,304,47,16,10.437710437710438,0.0,12050.0,0.0,6510.606060606061,-10000.0,91700.0,-0.10905125408942203,4600.0,4600.0
467,468,85,36,0.0979431929480901,14450.0,15000.0,8225.0,12264.911851126346,4450.0,150200.0,0.0296271637816245,11700.0,8950.0
461,486,86,34,2.4177949709864603,12700.0,13600.0,8500.0,11325.145067698259,2700.0,146100.0,0.018480492813141684,9200.0,8050.0
448,491,91,45,4.1707080504364695,9150.0,11800.0,5550.0,8242.846750727449,-850.0,152400.0,-0.00557742782152231,7950.0,6600.0
473,469,82,32,-0.3902439024390244,17900.0,19700.0,9450.0,14978.073170731708,7900.0,174200.0,0.04535017221584386,12000.0,9500.0
470,465,83,35,-0.49067713444553485,15150.0,17750.0,8850.0,12999.362119725221,5150.0,151600.0,0.03397097625329815,12250.0,8650.0
471,452,106,37,-1.8446601941747571,16225.0,16525.0,9350.0,12365.946601941747,6225.0,123600.0,0.05036407766990291,13750.0,9000.0
460,480,80,42,1.9588638589618024,14175.0,22175.0,10000,16317.67874632713,4175.0,147750.0,0.02825719120135364,10100.0,9450.0
449,477,98,31,2.731707317073171,11975.0,13825.0,2200.0,8672.414634146342,1975.0,183450.0,0.01076587626056146,8750.0,5350.0
470,471,85,34,0.09737098344693282,14200.0,15200.0,3425.0,8516.699123661148,4200.0,173800.0,0.024165707710011506,11600.0,6300.0
458,487,81,32,2.8237585199610513,1925.0,10500,375.0,5829.62512171373,-8075.0,156300.0,-0.05166346769033909,8700.0,6850.0
452,487,80,30,3.431372549019608,8300.0,11300.0,6800.0,9025.245098039215,-1700.0,129500.0,-0.013127413127413128,8000.0,7400.0
474,470,78,35,-0.39100684261974583,16750.0,17350.0,8625.0,13303.323558162268,6750.0,140550.0,0.048025613660619,12150.0,9500
468,487,76,33,1.8410852713178296,16575.0,17775.0,7000.0,11114.098837209302,6575.0,152050.0,0.04324235448865505,9750.0,6950.0
456,478,90,34,2.1463414634146343,12150.0,13650.0,5950.0,9091.560975609756,2150.0,151200.0,0.014219576719576719,9500.0,8150.0
469,475,81,35,0.5847953216374269,12475.0,16700.0,8550.0,12427.168615984405,2475.0,162600.0,0.01522140221402214,11150.0,7600.0
469,472,90,35,0.29069767441860467,19050.0,19400.0,9250.0,13257.606589147286,9050.0,143800.0,0.0629346314325452,11450.0,6150.0
418,498,95,34,7.905138339920949,0.0,10300.0,0.0,4921.195652173913,-10000.0,142100.0,-0.07037297677691766,3700.0,3600.0
469,467,89,38,-0.1949317738791423,17350.0,18250.0,9675.0,14939.571150097467,7350.0,130500.0,0.05632183908045977,12100.0,9650.0
460,474,89,36,1.3671875,10600.0,12500.0,6300.0,9343.3837890625,600.0,147700.0,0.004062288422477996,10400.0,8250.0
468,486,77,36,1.744186046511628,13725.0,15225.0,7900.0,11507.04941860465,3725.0,143800.0,0.02590403337969402,10000.0,8300.0
458,470,94,42,1.1730205278592376,24225.0,24775.0,9300.0,17358.55327468231,14225.0,145350.0,0.0978672170622635,10900.0,9600.0
442,504,82,31,6.025267249757046,5275.0,12450.0,3275.0,7740.257531584062,-4725.0,148450.0,-0.031828898619063656,5350.0,4000.0
456,468,92,40,1.1799410029498525,17825.0,18525.0,9850.0,15269.444444444445,7825.0,154550.0,0.050630863798123586,10800.0,8800.0
480,450,103,28,-2.9013539651837523,16775.0,17025.0,6375.0,11458.389748549323,6775.0,147500.0,0.045932203389830506,14400.0,7500.0
457,477,93,42,1.9455252918287937,8375.0,11375.0,7350.0,9371.01167315175,-1625.0,158950.0,-0.010223340673167663,10100.0,8750.0
449,490,89,37,3.9844509232264333,10525.0,13175.0,6000.0,10381.851311953353,525.0,146300.0,0.0035885167464114833,7750.0,6850.0
448,496,85,40,4.660194174757281,8825.0,14225.0,7025.0,11215.922330097088,-1175.0,145650.0,-0.00806728458633711,7200.0,6900.0
448,485,90,36,3.61328125,8350.0,12300.0,5600.0,9321.97265625,-1650.0,152700.0,-0.010805500982318271,8100.0,6700.0
453,477,89,28,2.3529411764705883,13025.0,13225.0,6525.0,9366.617647058823,3025.0,143650.0,0.02105812739296902,9000.0,6600.0
424,516,85,31,8.966861598440545,2775.0,10675.0,1525.0,6974.731968810916,-7225.0,156950.0,-0.04603376871615164,2350.0,1650.0
454,476,102,30,2.1297192642787994,9325.0,15800.0,9025.0,12557.647628267183,-675.0,165150.0,-0.004087193460490463,9300.0,8250.0
481,457,90,35,-2.3323615160349855,14225.0,15375.0,7875.0,11167.735665694849,4225.0,146150.0,0.028908655490933972,14150.0,7750.0
266,345,56,23,11.826347305389222,0.0,10300,0.0,6411.489520958084,-10000.0,94175.0,-0.10618529333687285,3250.0,3250.0
470,462,95,37,-0.7782101167315175,11800.0,13800.0,5375.0,8989.640077821012,1800.0,156250.0,0.01152,12650.0,7800.0
474,464,88,50,-0.9737098344693282,14550.0,16450.0,8700.0,11988.558909444986,4550.0,140900.0,0.032292405961674944,13500.0,9600
468,477,80,21,0.8771929824561403,13650.0,15150.0,7250.0,11736.25730994152,3650.0,146600.0,0.024897680763983628,10150.0,8200.0
445,484,97,33,3.79746835443038,5625.0,12300.0,4425.0,7991.01752677702,-4375.0,145700.0,-0.03002745367192862,7750.0,6800.0
439,488,96,32,4.78515625,1850.0,10500,1350.0,4939.208984375,-8150.0,137150.0,-0.05942398833394094,6700.0,5350.0
444,486,97,37,4.085603112840467,7075.0,10350.0,3750.0,7093.385214007782,-2925.0,159650.0,-0.018321327904791733,7650.0,7450.0
457,483,90,41,2.521823472356935,7925.0,13375.0,7625.0,9859.869059165858,-2075.0,155400.0,-0.013352638352638353,9450.0,8250.0
450,467,101,40,1.6683022571148183,14175.0,16225.0,6775.0,11060.942100098135,4175.0,168650.0,0.024755410613697005,10300.0,8000.0
471,479,75,41,0.7797270955165692,15850.0,17700.0,9100.0,13720.346003898636,5850.0,141650.0,0.04129897635015884,11250.0,9400.0
459,481,94,34,2.1256038647342996,8175.0,13275.0,5525.0,9043.212560386473,-1825.0,173950.0,-0.010491520551882724,9500.0,7300.0
466,467,94,36,0.09727626459143969,17825.0,19475.0,7950.0,14705.617704280156,7825.0,161900.0,0.04833230389129092,11700.0,8500.0
441,492,88,32,4.990215264187866,12300.0,13200.0,3575.0,8506.873776908024,2300.0,160900.0,0.014294592914853946,6500.0,5300.0
476,477,74,43,0.09727626459143969,18525.0,20050.0,7775.0,14230.009727626459,8525.0,155400.0,0.054858429858429855,12050.0,8550.0
441,510,73,36,6.731707317073171,6475.0,10500,4775.0,7848.341463414634,-3525.0,139700.0,-0.025232641374373657,4900.0,4200.0
298,347,62,25,6.9209039548022595,0.0,11250.0,0.0,7323.622881355932,-10000.0,100825.0,-0.09918175055789735,6350.0,6350.0
446,500,87,38,5.222437137330754,11550.0,14350.0,5200.0,10039.55512572534,1550.0,144650.0,0.010715520221223643,6500.0,5750.0
456,486,91,40,2.9013539651837523,9100.0,10650.0,5250.0,7854.883945841392,-900.0,142700.0,-0.006306937631394534,9000.0,6750.0
443,494,88,37,4.970760233918129,9275.0,11425.0,5225.0,7962.646198830409,-725.0,142550.0,-0.005085934759733427,6750.0,5000.0
457,469,89,34,1.1811023622047243,7300.0,11700.0,4550.0,7797.145669291339,-2700.0,142250.0,-0.01898066783831283,10500.0,8600.0
449,477,92,29,2.747791952894995,16175.0,18575.0,9600,14381.99214916585,6175.0,168900.0,0.03656009473060983,8650.0,7050.0
457,473,97,37,1.556420233463035,9350.0,12050.0,5350.0,8619.795719844358,-650.0,130700.0,-0.004973221117061974,10250.0,7900.0
451,470,95,36,1.8682399213372665,11375.0,15475.0,7900.0,12648.15634218289,1375.0,155800.0,0.008825417201540436,9900.0,8750.0
442,492,90,30,4.878048780487805,8350.0,12850.0,6950.0,9712.243902439024,-1650.0,140200.0,-0.011768901569186876,6500.0,6350.0
447,477,97,36,2.935420743639922,10550.0,11850.0,3325.0,7915.826810176125,550.0,147850.0,0.0037199864727764627,8800.0,7500.0
450,463,114,37,1.264591439688716,14750.0,17700.0,7850.0,12411.089494163423,4750.0,156350.0,0.030380556443875918,10550.0,9350.0
468,478,82,31,0.9718172983479106,9725.0,14675.0,7125.0,10500.315840621963,-275.0,146350.0,-0.0018790570550051248,10550.0,7150.0
450,480,87,29,2.9469548133595285,17450.0,18350.0,7500.0,11705.255402750492,7450.0,163050.0,0.04569150567310641,8450.0,5100.0
455,487,84,37,3.11587147030185,18550.0,19700.0,9700,13641.43135345667,8550.0,170500.0,0.050146627565982406,8650.0,7850.0
455,484,83,40,2.834799608993157,13300.0,16025.0,9700,13284.09090909091,3300.0,142450.0,0.023166023166023165,9100.0,8750.0
481,457,84,36,-2.346041055718475,20550.0,20600.0,9300.0,15518.71945259042,10550.0,146050.0,0.07223553577541937,14200.0,9450.0
456,479,91,32,2.239532619279455,8700.0,11350.0,5775.0,8946.080817916261,-1300.0,138600.0,-0.00937950937950938,9300.0,6800.0
265,299,53,25,5.501618122977346,0.0,11500.0,0.0,7015.614886731391,-10000.0,100675.0,-0.09932952570151478,7850.0,7850.0
283,349,70,16,9.388335704125177,0.0,11000,0.0,5564.402560455192,-10000.0,95525.0,-0.10468463752944256,4200.0,4100.0
476,470,79,40,-0.5847953216374269,10675.0,14250.0,7800.0,10742.275828460039,675.0,146600.0,0.004604365620736698,12600.0,10000
451,490,93,31,3.768115942028986,11125.0,13425.0,8700.0,11135.652173913044,1125.0,166100.0,0.006773028296207104,7650.0,7400.0
453,488,81,34,3.4213098729227758,9325.0,12575.0,5575.0,9306.720430107527,-675.0,159800.0,-0.004224030037546934,8200.0,6400.0
446,466,107,35,1.9607843137254901,14850.0,15900.0,7850.0,11182.475490196079,4850.0,153850.0,0.031524211894702635,9750.0,8150.0
446,495,79,34,4.799216454456415,7100.0,10000,4300.0,7382.125367286973,-2900.0,140400.0,-0.020655270655270654,6800.0,6400.0
467,466,96,23,-0.0970873786407767,13050.0,13600.0,6150.0,9026.456310679612,3050.0,160750.0,0.018973561430793158,11250.0,8000.0
462,470,95,34,0.7782101167315175,16150.0,16550.0,7500.0,12350.486381322957,6150.0,152150.0,0.04042063752875452,10900.0,7550.0
435,498,81,37,6.206896551724138,8950.0,14200.0,5050.0,10063.71921182266,-1050.0,164550.0,-0.006381039197812215,5550.0,4900.0
441,485,102,31,4.275996112730807,6675.0,11825.0,5125.0,8789.504373177842,-3325.0,148100.0,-0.022451046590141795,7150.0,7150.0
462,468,86,40,0.5899705014749262,13300.0,16500.0,8450.0,13070.009832841692,3300.0,124250.0,0.026559356136820925,11400.0,8900.0
460,465,96,38,0.4892367906066536,13250.0,15425.0,6000.0,11002.079256360079,3250.0,164750.0,0.019726858877086494,11400.0,9000.0
462,471,94,30,0.8754863813229572,11600.0,14600.0,9100.0,11861.527237354085,1600.0,150900.0,0.010603048376408217,10600.0,9600
439,509,69,37,6.8762278978389,5775.0,11050.0,2125.0,6172.912573673871,-4225.0,140250.0,-0.030124777183600713,4850.0,3350.0
456,488,82,28,3.11587147030185,11700.0,13600.0,7125.0,10295.277507302824,1700.0,141900.0,0.011980267794221282,8200.0,7550.0
454,477,95,31,2.239532619279455,8450.0,18400.0,6325.0,12431.888997078871,-1550.0,159700.0,-0.009705698184095179,9250.0,8800.0
451,494,81,29,4.186952288218111,8725.0,12375.0,5825.0,9026.606621226874,-1275.0,153650.0,-0.008298080052066385,7150.0,6650.0
460,489,76,34,2.8265107212475633,12750.0,12750.0,4925.0,8967.495126705653,2750.0,185150.0,0.014852822036186876,8800.0,6550.0
444,486,99,38,4.077669902912621,9600.0,17175.0,6300.0,12208.252427184467,-400.0,142450.0,-0.002808002808002808,7700.0,5900.0
441,478,103,25,3.6168132942326494,7375.0,12175.0,6125.0,9102.932551319647,-2625.0,163600.0,-0.016045232273838632,7550.0,7250.0
445,493,87,26,4.678362573099415,5475.0,10000,3600.0,5955.165692007798,-4525.0,147500.0,-0.030677966101694914,6500.0,5600.0
444,486,96,30,4.089581304771178,11675.0,13525.0,3750.0,9392.429406037001,1675.0,174200.0,0.009615384615384616,7300.0,5500.0
462,484,73,39,2.156862745098039,6300.0,14050.0,2450.0,8726.176470588236,-3700.0,168550.0,-0.021951943043607237,9750.0,9450.0
454,485,85,34,3.024390243902439,11475.0,15250.0,9400,12536.170731707318,1475.0,140950.0,0.010464703795672225,8600.0,7800.0
487,450,94,32,-3.5852713178294575,26075.0,26075.0,8550.0,15149.563953488372,16075.0,148550.0,0.10821272298889263,15300.0,7550.0
465,463,96,34,-0.1951219512195122,13100.0,15075.0,8400.0,11328.0,3100.0,147850.0,0.02096719648292188,11900.0,8450.0
461,471,94,39,0.9737098344693282,20475.0,22625.0,9100.0,18142.502434274586,10475.0,158900.0,0.065921963499056,10950.0,9600
431,509,85,34,7.602339181286549,8950.0,15725.0,6100.0,11115.253411306043,-1050.0,152050.0,-0.006905623150279513,3900.0,3800.0
207,256,43,12,9.664694280078894,0.0,11700.0,0.0,5851.824457593689,-10000.0,79325.0,-0.12606366214938544,5700.0,5700.0
429,511,84,33,8.0,10975.0,17075.0,7250.0,11245.365853658537,975.0,162250.0,0.00600924499229584,3450.0,3450.0
486,465,73,40,-2.048780487804878,22325.0,23575.0,9850.0,17004.70731707317,12325.0,147900.0,0.08333333333333333,14100.0,8500.0
501,437,92,37,-6.207565470417071,21800.0,22600.0,5575.0,13661.178467507274,11800.0,158150.0,0.0746127094530509,18250.0,9000
472,466,83,35,-0.5870841487279843,15575.0,16225.0,8500.0,13010.176125244618,5575.0,130850.0,0.04260603744745892,12350.0,8550.0
451,478,101,44,2.6188166828322017,9800.0,10250.0,4050.0,7077.352085354025,-200.0,144250.0,-0.0013864818024263432,9500.0,4850.0
376,464,85,36,9.503239740820735,0.0,12100.0,0.0,6557.667386609071,-10000.0,134550.0,-0.07432181345224824,3000.0,3000.0
449,480,94,28,3.02734375,8675.0,14300.0,7475.0,11255.859375,-1325.0,170300.0,-0.007780387551379918,8300.0,7250.0
472,476,84,38,0.3872216844143272,16250.0,17550.0,8750.0,13885.38238141336,6250.0,131000.0,0.04770992366412214,11500.0,7800.0
436,507,80,32,6.93359375,5525.0,10650.0,2225.0,5975.0244140625,-4475.0,144250.0,-0.03102253032928943,4500.0,3500.0
480,445,97,35,-3.4213098729227758,21050.0,22600.0,9025.0,16056.54936461388,11050.0,160900.0,0.06867619639527657,15250.0,9900
437,502,85,27,6.341463414634147,5525.0,11575.0,3575.0,7815.731707317073,-4475.0,197200.0,-0.022692697768762676,4850.0,4400.0
467,476,88,36,0.872093023255814,17775.0,18325.0,6500.0,13449.612403100775,7775.0,147700.0,0.0526404874746107,10900.0,7100.0
457,476,98,34,1.8410852713178296,10300.0,10900.0,5450.0,8815.334302325582,300.0,145800.0,0.00205761316872428,9800.0,7450.0
449,489,87,35,3.898635477582846,11750.0,13300.0,8600.0,10573.538011695906,1750.0,144550.0,0.012106537530266344,7750.0,6900.0
459,489,86,33,2.898550724637681,13025.0,13225.0,7400.0,9819.734299516907,3025.0,161350.0,0.018748063216609854,8650.0,7100.0
474,483,62,39,0.8823529411764706,10625.0,13225.0,7550.0,10692.671568627451,625.0,138400.0,0.004515895953757226,11050.0,9100
472,460,94,35,-1.1684518013631937,14600.0,15200.0,7750.0,11150.316455696202,4600.0,184400.0,0.024945770065075923,12950.0,9700.0
473,481,73,42,0.7782101167315175,16800.0,17300.0,7300.0,10888.959143968872,6800.0,139800.0,0.04864091559370529,11300.0,7150.0
457,469,93,34,1.1764705882352942,13125.0,15425.0,8200.0,12452.20588235294,3125.0,142750.0,0.021891418563922942,10500.0,9250.0
461,470,95,39,0.8763388510223954,11825.0,14450.0,9900,12492.624148003895,1825.0,141500.0,0.012897526501766784,11050.0,9900
423,504,96,27,7.91015625,1550.0,10850.0,400.0,4135.83984375,-8450.0,162250.0,-0.052080123266563944,3250.0,2350.0
458,465,103,33,0.6815968841285297,14100.0,14200.0,5100.0,8630.428432327166,4100.0,145300.0,0.028217481073640742,10950.0,7600.0
445,482,97,25,3.6097560975609753,11475.0,11875.0,7500.0,10047.09756097561,1475.0,140750.0,0.010479573712255772,7550.0,6150.0
474,460,89,40,-1.3671875,15225.0,17025.0,7900.0,10994.8486328125,5225.0,143950.0,0.03629732546022925,13400.0,7950.0
468,471,89,40,0.2915451895043732,11525.0,14775.0,8525.0,11539.33430515063,1525.0,143350.0,0.010638297872340425,11700.0,9750.0
449,483,88,35,3.330068560235064,9250.0,14800.0,8850.0,12076.934378060725,-750.0,130950.0,-0.0057273768613974796,8350.0,7950.0
486,464,77,36,-2.140077821011673,28125.0,28125.0,9500,19103.039883268484,18125.0,160000.0,0.11328125,14000.0,9400.0
173,243,29,9,15.695067264573993,0.0,11150.0,0.0,6849.719730941704,-10000.0,69225.0,-0.1444564824846515,3450.0,3450.0
469,489,73,30,1.937984496124031,16400.0,18075.0,8400.0,12472.456395348838,6400.0,173900.0,0.03680276020701553,9500.0,8000.0
471,479,74,40,0.7804878048780488,18750.0,18750.0,9050.0,13091.121951219513,8750.0,153900.0,0.056855100714749834,11200.0,8550.0
461,479,96,48,1.7357762777242043,21800.0,23900.0,9600.0,16712.777242044358,11800.0,159650.0,0.07391168180394614,10600.0,9050.0
458,480,85,26,2.1484375,16625.0,16625.0,7575.0,11355.37109375,6625.0,143400.0,0.046199442119944215,9100.0,6850.0
456,475,92,31,1.85546875,15000.0,17100.0,8800.0,10871.923828125,5000.0,146250.0,0.03418803418803419,9650.0,7750.0
457,490,86,35,3.1914893617021276,10950.0,15750.0,7800.0,11326.499032882011,950.0,190100.0,0.004997369805365597,8450.0,8050.0
451,476,99,35,2.4342745861733204,15400.0,16100.0,8450.0,11248.125608568647,5400.0,149650.0,0.03608419645840294,9250.0,5850.0
471,453,99,30,-1.7578125,21425.0,21475.0,8100.0,12338.9892578125,11425.0,158800.0,0.07194584382871537,13300.0,8300.0
486,468,70,35,-1.75609756097561,17850.0,18350.0,7350.0,11950.80487804878,7850.0,162050.0,0.0484418389385992,13550.0,8300.0
456,476,94,36,1.9474196689386565,8275.0,12500.0,3925.0,8803.773125608568,-1725.0,146850.0,-0.01174668028600613,9800.0,8800.0
452,484,90,33,3.11587147030185,13450.0,14150.0,6550.0,10176.022395326192,3450.0,154450.0,0.02233732599546779,8450.0,6400.0
459,466,90,32,0.6889763779527559,14750.0,16000.0,7500.0,11822.63779527559,4750.0,173800.0,0.027330264672036825,10900.0,9800.0
457,459,105,28,0.19569471624266144,16350.0,16900.0,2900.0,9738.698630136987,6350.0,156600.0,0.040549169859514685,11200.0,5750.0
466,474,89,46,0.7766990291262136,15000.0,17100.0,7700.0,10698.68932038835,5000.0,151000.0,0.033112582781456956,11500.0,9350.0
451,482,95,32,3.012633624878523,8725.0,12325.0,4675.0,8478.644314868805,-1275.0,146100.0,-0.008726899383983572,8500.0,7600.0
443,479,105,42,3.501945525291829,7375.0,12275.0,6875.0,9225.68093385214,-2625.0,153750.0,-0.01707317073170732,8500.0,8050.0
422,501,102,34,7.69980506822612,7875.0,10250.0,1025.0,5697.368421052632,-2125.0,164200.0,-0.012941534713763702,3800.0,1700.0
436,509,81,30,7.108081791626096,8250.0,11150.0,6350.0,8821.421616358326,-1750.0,129050.0,-0.013560635412630763,4200.0,4100.0
450,489,85,28,3.8048780487804876,9625.0,10300,5750.0,8228.975609756097,-375.0,145450.0,-0.002578205568924029,7500.0,6400.0
488,458,76,38,-2.932551319648094,20350.0,21350.0,9300,16427.93255131965,10350.0,158700.0,0.06521739130434782,14900.0,9500
497,452,78,30,-4.3774319066147855,18800.0,19000.0,8500.0,12041.536964980545,8800.0,145400.0,0.06052269601100413,16000.0,8850.0
441,502,81,41,5.951219512195122,5050.0,11650.0,4800.0,8821.09756097561,-4950.0,156600.0,-0.031609195402298854,5950.0,5700.0
445,502,80,34,5.544747081712062,6350.0,11575.0,5400.0,9079.08560311284,-3650.0,141850.0,-0.025731406415227354,6000.0,5450.0
463,464,98,32,0.09746588693957114,21175.0,21825.0,9600,17207.748538011696,11175.0,167750.0,0.06661698956780925,11500.0,8800.0
459,479,93,37,1.937984496124031,7025.0,13300.0,6475.0,10379.166666666666,-2975.0,136850.0,-0.021739130434782608,9850.0,9050.0
445,487,90,47,4.105571847507331,14975.0,16075.0,8250.0,11764.565004887585,4975.0,164350.0,0.030270763614237906,8150.0,7050.0
437,499,98,37,5.990338164251208,7425.0,12250.0,5300.0,8210.36231884058,-2575.0,135350.0,-0.01902475064647211,5650.0,4550.0
336,401,82,31,7.926829268292683,0.0,11100.0,0.0,6653.75,-10000.0,129975.0,-0.07693787266782073,5050.0,5050.0
223,263,50,22,7.4487895716946,0.0,10300,0.0,5026.024208566108,-10000.0,87900.0,-0.11376564277588168,7100.0,7100.0
363,399,67,25,4.337349397590361,0.0,10450.0,0.0,6421.234939759036,-10000.0,133275.0,-0.07503282686175201,7650.0,7650.0
459,478,84,23,1.8590998043052838,13125.0,14975.0,9500.0,12902.152641878669,3125.0,151900.0,0.02057274522712311,9250.0,8350.0
447,464,111,37,1.6617790811339197,12550.0,14950.0,7725.0,11851.56402737048,2550.0,157900.0,0.016149461684610514,10150.0,8600.0
461,469,98,32,0.7774538386783284,10700.0,13250.0,7800.0,10122.40038872692,700.0,141650.0,0.004941757853865161,10800.0,9150.0
456,490,77,36,3.3203125,8725.0,12325.0,6075.0,9085.7421875,-1275.0,148600.0,-0.008580080753701211,8400.0,7550.0
476,456,94,31,-1.9474196689386565,15975.0,17250.0,10000,13836.222005842259,5975.0,133500.0,0.04475655430711611,13550.0,9950.0
472,468,83,30,-0.390625,11575.0,13500.0,9475.0,11279.58984375,1575.0,139600.0,0.011282234957020057,11900.0,9000.0
425,504,88,27,7.760314341846758,3225.0,14200.0,2700.0,8399.410609037328,-6775.0,171100.0,-0.03959672706019871,3450.0,2900.0
446,478,100,39,3.1219512195121952,11000.0,11550.0,7450.0,9734.536585365853,1000.0,130900.0,0.007639419404125287,8750.0,7300.0
454,474,98,32,1.9474196689386565,20375.0,23025.0,9000.0,17462.244401168453,10375.0,141750.0,0.07319223985890652,9600.0,8400.0
430,496,107,36,6.382978723404255,7325.0,10925.0,4775.0,8276.66827852998,-2675.0,155350.0,-0.017219182491149017,5200.0,4100.0
461,476,90,33,1.4591439688715953,18425.0,21325.0,9600,15765.953307392996,8425.0,142600.0,0.059081346423562414,10150.0,9200.0
468,488,71,41,1.9455252918287937,8200.0,16200.0,6600.0,11366.926070038911,-1800.0,161150.0,-0.011169717654359293,10050.0,9750.0
458,486,83,35,2.7237354085603114,10675.0,12525.0,8150.0,10435.23832684825,675.0,147650.0,0.004571622079241449,8950.0,8400.0
472,459,94,38,-1.267056530214425,10600.0,12900.0,7350.0,9566.008771929824,600.0,154300.0,0.0038885288399222295,13200.0,9500
450,474,92,34,2.359882005899705,14925.0,17925.0,9900,14488.446411012783,4925.0,142350.0,0.034597822269055147,9300.0,9050.0
508,455,64,41,-5.155642023346303,21050.0,22450.0,7850.0,14169.357976653697,11050.0,139350.0,0.0792967348403301,17350.0,9450.0
459,475,91,36,1.5594541910331383,14550.0,14750.0,6900.0,10322.807017543859,4550.0,151650.0,0.030003297065611605,10200.0,6050.0
478,472,71,39,-0.5870841487279843,19050.0,20775.0,8100.0,14461.276908023483,9050.0,152800.0,0.05922774869109947,12550.0,8500.0
448,491,87,28,4.186952288218111,11425.0,13675.0,5450.0,9006.937682570593,1425.0,171200.0,0.00832359813084112,7100.0,6550.0
467,477,77,29,0.9784735812133072,13200.0,14550.0,7825.0,10555.014677103718,3200.0,165050.0,0.01938806422296274,10450.0,6400.0
489,456,89,35,-3.1884057971014492,14950.0,17875.0,9400,13531.811594202898,4950.0,158000.0,0.03132911392405063,15050.0,9500
478,462,84,35,-1.5609756097560976,15975.0,18125.0,7325.0,12163.80487804878,5975.0,140400.0,0.042556980056980054,13350.0,8250.0
471,463,97,35,-0.7751937984496124,22400.0,22650.0,7050.0,16548.90988372093,12400.0,146650.0,0.08455506307534948,12550.0,7600.0
458,487,83,40,2.818270165208941,15475.0,19400.0,9400,15166.763848396502,5475.0,170900.0,0.03203627852545348,9100.0,8600.0
463,466,102,35,0.29069767441860467,15600.0,18800.0,9050.0,13679.84496124031,5600.0,151650.0,0.036927134849983514,11450.0,8900.0
490,462,71,28,-2.734375,25525.0,28175.0,8550.0,17483.349609375,15525.0,149100.0,0.10412474849094568,14200.0,9200
446,492,99,28,4.431599229287091,11175.0,13375.0,5875.0,8976.974951830443,1175.0,152100.0,0.007725180802103879,6800.0,5500.0
456,486,86,31,2.9154518950437316,11525.0,17875.0,9300,14784.13508260447,1525.0,148000.0,0.010304054054054055,8550.0,7650.0
473,461,89,47,-1.171875,19125.0,19825.0,5250.0,10933.349609375,9125.0,144000.0,0.06336805555555555,13550.0,7400.0
448,490,85,39,4.1015625,6475.0,15425.0,6175.0,10955.078125,-3525.0,163400.0,-0.02157282741738066,7750.0,7550.0
466,472,88,43,0.5842259006815969,13450.0,14800.0,9150.0,12210.905550146057,3450.0,137000.0,0.025182481751824817,11550.0,9350.0
467,469,85,33,0.19569471624266144,11825.0,11825.0,3500.0,7153.816046966732,1825.0,138250.0,0.013200723327305606,11450.0,6450.0
477,458,87,36,-1.857282502443793,17150.0,17150.0,9050.0,12864.345063538613,7150.0,157400.0,0.04542566709021601,13700.0,9150.0
485,442,104,40,-4.166666666666666,29550.0,31000.0,9900,23089.316860465115,19550.0,150150.0,0.1302031302031302,16300.0,9900
467,478,86,35,1.065891472868217,9450.0,13900.0,7050.0,10421.342054263567,-550.0,167300.0,-0.00328750747160789,10650.0,8400.0
443,494,88,44,4.970760233918129,8950.0,13550.0,4750.0,9253.362573099415,-1050.0,135950.0,-0.007723427730783376,7100.0,5850.0
425,512,84,36,8.512720156555773,3975.0,11400.0,1975.0,6370.743639921722,-6025.0,134650.0,-0.04474563683624211,3100.0,1650.0
449,481,94,33,3.1219512195121952,14125.0,17200.0,7900.0,12666.268292682927,4125.0,159200.0,0.025910804020100504,8450.0,8150.0
482,464,89,31,-1.7374517374517375,13550.0,13950.0,8450.0,10986.17277992278,3550.0,158800.0,0.022355163727959697,13350.0,9450.0
448,478,93,37,2.941176470588235,11025.0,14225.0,7575.0,10825.833333333334,1025.0,143400.0,0.007147838214783821,8850.0,7900.0
455,476,96,24,2.0428015564202333,6175.0,12000.0,5025.0,8585.870622568093,-3825.0,143850.0,-0.026590198123044837,9100.0,6850.0
458,490,80,32,3.1098153547133136,8250.0,11350.0,5550.0,8661.297376093295,-1750.0,146900.0,-0.011912865895166781,8400.0,7100.0
448,475,101,39,2.6341463414634148,14650.0,18400.0,9900,14255.219512195123,4650.0,180450.0,0.025768911055694097,9250.0,8500.0
375,439,65,39,7.2727272727272725,0.0,10550.0,0.0,5663.522727272727,-10000.0,119800.0,-0.08347245409015025,5550.0,5100.0
462,485,86,32,2.2243713733075436,11625.0,12275.0,5925.0,9518.06092843327,1625.0,137500.0,0.011818181818181818,9300.0,7300.0
482,480,62,35,-0.1951219512195122,17250.0,17800.0,9500.0,12887.926829268292,7250.0,147850.0,0.049036185322962465,11950.0,9050.0
463,472,88,33,0.87890625,12200.0,13500.0,9550.0,11703.90625,2200.0,137250.0,0.016029143897996357,10750.0,9350.0
442,494,84,38,5.093046033300686,7475.0,11850.0,5900.0,9422.28207639569,-2525.0,139100.0,-0.018152408339324227,6700.0,6350.0
452,489,85,33,3.6027263875365136,4700.0,14925.0,2300.0,7991.845180136319,-5300.0,164500.0,-0.03221884498480243,7950.0,7250.0
466,492,70,38,2.5267249757045676,18400.0,20500.0,10000,16045.432458697765,8400.0,152650.0,0.055027841467409105,9300.0,8100.0
459,477,88,43,1.75609756097561,12050.0,13725.0,7475.0,10364.073170731708,2050.0,132000.0,0.01553030303030303,10350.0,9050.0
440,487,97,40,4.585365853658536,12175.0,15075.0,9100.0,12576.780487804877,2175.0,138150.0,0.015743756786102063,7300.0,7300.0
458,473,96,30,1.4591439688715953,12500.0,14250.0,4300.0,7499.027237354086,2500.0,139200.0,0.017959770114942528,10000.0,6300.0
463,466,100,37,0.2912621359223301,17325.0,17975.0,8800.0,12197.014563106795,7325.0,162450.0,0.045090797168359495,11550.0,8700.0
438,505,90,43,6.479690522243714,1675.0,10725.0,825.0,5267.045454545455,-8325.0,155500.0,-0.053536977491961416,5450.0,4450.0
450,495,82,40,4.3774319066147855,7925.0,16400.0,6675.0,12281.177042801557,-2075.0,163250.0,-0.012710566615620214,7500.0,7150.0
466,475,94,31,0.8687258687258688,10000.0,12425.0,6975.0,9424.493243243243,0.0,146600.0,0.0,10650.0,8400.0
457,484,93,34,2.608695652173913,10450.0,16400.0,8300.0,11508.985507246376,450.0,128750.0,0.003495145631067961,9000.0,7800.0
468,464,88,32,-0.3917727717923604,13950.0,16575.0,9400,12845.64152791381,3950.0,160600.0,0.02459526774595268,12000.0,9500
462,484,86,39,2.1297192642787994,8450.0,14450.0,2975.0,7438.746369796709,-1550.0,166050.0,-0.009334537789822343,9750.0,4900.0
436,482,109,33,4.474708171206226,5475.0,10200,5075.0,7737.816147859922,-4525.0,145650.0,-0.03106762787504291,7050.0,6950.0
469,484,77,41,1.454898157129001,16000.0,17450.0,10000,13507.492725509215,6000.0,163300.0,0.03674219228413962,10550.0,9250.0
476,467,86,35,-0.8737864077669903,12600.0,17950.0,7500.0,12403.932038834952,2600.0,169150.0,0.015370972509606859,12650.0,9200
455,482,88,41,2.631578947368421,10500.0,11250.0,4525.0,8138.547758284601,500.0,161450.0,0.003096934035305048,9350.0,6300.0
457,461,98,51,0.39331366764995085,15450.0,16400.0,8700.0,13317.01081612586,5450.0,131400.0,0.04147640791476408,12150.0,8850.0
451,488,87,35,3.6027263875365136,9725.0,16825.0,8725.0,12158.349561830575,-275.0,153150.0,-0.0017956252040483187,8050.0,7150.0
442,495,93,41,5.140640155189137,7125.0,11900.0,5250.0,8370.126091173617,-2875.0,157050.0,-0.018306271887933778,6750.0,5450.0
456,484,88,34,2.7210884353741496,11050.0,16200.0,7900.0,11139.164237123421,1050.0,162900.0,0.006445672191528545,8900.0,8100.0
443,489,90,40,4.496578690127078,12550.0,15500.0,8700.0,12436.999022482893,2550.0,142300.0,0.017919887561489812,7400.0,6800.0
456,471,93,41,1.4691478942213516,15150.0,17850.0,8750.0,14032.835455435847,5150.0,166600.0,0.03091236494597839,10550.0,9150.0
434,490,103,40,5.447470817120623,4325.0,10350.0,1850.0,6968.604085603113,-5675.0,152500.0,-0.03721311475409836,6400.0,5450.0
487,455,81,37,-3.125,20950.0,22800.0,9500.0,16246.2646484375,10950.0,145950.0,0.0750256937307297,15050.0,8450.0
481,461,86,29,-1.9436345966958213,13500.0,16300.0,5500.0,10547.716229348882,3500.0,169050.0,0.020703933747412008,13450.0,7750.0
441,510,74,36,6.725146198830409,9350.0,12925.0,6625.0,9342.495126705653,-650.0,142100.0,-0.004574243490499648,4900.0,2950.0
464,460,99,37,-0.390625,18900.0,19000.0,8625.0,12008.154296875,8900.0,151750.0,0.058649093904448106,12250.0,7700.0
462,457,102,27,-0.4892367906066536,14100.0,16350.0,7650.0,12538.894324853229,4100.0,144000.0,0.02847222222222222,11850.0,8050.0
455,482,77,31,2.6600985221674875,7575.0,14950.0,7075.0,10870.615763546799,-2425.0,158150.0,-0.01533354410369902,8850.0,7800.0
418,502,90,30,8.30860534124629,0.0,17750.0,0.0,10064.935707220573,-10000.0,167900.0,-0.05955926146515783,3100.0,3100.0
472,479,81,35,0.6776379477250726,10500.0,14275.0,7700.0,10501.815101645692,500.0,144200.0,0.0034674063800277394,11050.0,9800
474,457,96,34,-1.6536964980544748,20800.0,21200.0,9300,14451.848249027238,10800.0,143100.0,0.07547169811320754,13400.0,9600
473,468,90,41,-0.4844961240310077,18100.0,18900.0,7900,12938.808139534884,8100.0,154900.0,0.052291801162040026,12550.0,8100
436,495,93,39,5.75609756097561,3650.0,11500.0,3550.0,8464.390243902439,-6350.0,149150.0,-0.04257458933959102,6050.0,5850.0
445,476,102,29,3.02734375,10425.0,15525.0,7900.0,11344.0185546875,425.0,137050.0,0.003101058008026268,8350.0,7600.0
470,479,76,38,0.8771929824561403,14825.0,16800.0,7450.0,13881.042884990253,4825.0,153450.0,0.0314434669273379,11000.0,8950.0
433,494,95,37,5.962854349951124,12175.0,13325.0,6600.0,9886.510263929618,2175.0,140750.0,0.015452930728241563,5750.0,5650.0
467,474,91,34,0.6776379477250726,15225.0,18600.0,9100.0,14911.979670861569,5225.0,154650.0,0.033785968315551244,11000.0,9850.0
454,484,92,39,2.909796314258002,11525.0,13300.0,4550.0,8909.0203685742,1525.0,146950.0,0.010377679482817285,8950.0,7600.0
438,476,112,36,3.700097370983447,9250.0,13700.0,7200.0,9816.601752677701,-750.0,156000.0,-0.004807692307692308,8000.0,6800.0
449,480,105,24,2.995169082125604,11550.0,12800.0,6200.0,9846.32850241546,1550.0,149750.0,0.010350584307178631,8100.0,5800.0
437,504,82,29,6.54296875,2950.0,13700.0,1275.0,6462.2802734375,-7050.0,170550.0,-0.04133685136323659,4750.0,4550.0
467,474,91,40,0.6776379477250726,14700.0,14700.0,7450.0,11006.84898354308,4700.0,141350.0,0.033250795896710296,11300.0,7950.0
480,469,82,36,-1.065891472868217,15625.0,15825.0,8350.0,11895.082364341086,5625.0,144800.0,0.03884668508287293,12900.0,8200.0
441,484,101,35,4.186952288218111,12800.0,15300.0,9400.0,12306.012658227848,2800.0,141300.0,0.019815994338287332,7450.0,6200.0
436,483,101,37,4.603330068560235,7775.0,12200.0,4350.0,8645.666013712047,-2225.0,131600.0,-0.01690729483282675,7150.0,4000.0
448,487,97,34,3.77541142303969,18725.0,19475.0,9400,13946.030977734754,8725.0,154900.0,0.05632666236281472,7800.0,6700.0
491,440,90,38,-4.990215264187866,17625.0,20950.0,8000.0,13859.980430528376,7625.0,145600.0,0.052369505494505496,17000.0,9550.0
421,492,112,29,6.920077972709551,9100.0,10375.0,5075.0,7895.224171539961,-900.0,145700.0,-0.0061770761839396015,4350.0,4000.0
388,455,68,29,7.346491228070176,0.0,10000,0.0,4148.053728070176,-10000.0,146000.0,-0.0684931506849315,4750.0,4750.0
443,497,86,42,5.258033106134373,4000.0,13875.0,3950.0,9489.556962025317,-6000.0,146200.0,-0.04103967168262654,6700.0,6600.0
429,503,88,30,7.247796278158668,5250.0,12150.0,4550.0,9233.202742409403,-4750.0,133250.0,-0.03564727954971857,4100.0,3700.0
446,485,96,32,3.7937743190661477,8000.0,13550.0,8000.0,10661.405642023346,-2000.0,169700.0,-0.011785503830288745,7700.0,7700.0
464,468,86,35,0.39254170755642787,13775.0,15900.0,9050.0,13207.531894013739,3775.0,135000.0,0.027962962962962964,11350.0,8950.0
454,484,92,29,2.909796314258002,15325.0,15675.0,4625.0,9560.596508244424,5325.0,163700.0,0.032529016493585826,8450.0,6400.0
451,490,87,42,3.7900874635568513,10800.0,13375.0,8025.0,10749.101068999029,800.0,129300.0,0.006187161639597835,8200.0,7800.0
448,502,79,28,5.242718446601942,11100.0,12025.0,5000.0,8075.266990291262,1100.0,152600.0,0.007208387942332897,6000.0,4400.0
460,475,80,36,1.4763779527559056,10475.0,11425.0,4000.0,8137.081692913386,475.0,170600.0,0.002784290738569754,10300.0,6750.0
461,480,87,33,1.84645286686103,11850.0,16750.0,6200.0,11105.02915451895,1850.0,138600.0,0.013347763347763348,9750.0,6550.0
472,464,86,31,-0.7820136852394917,13025.0,14100.0,9650.0,11742.595307917889,3025.0,135700.0,0.022291820191599115,12350.0,9700
465,465,88,42,0.0,17000.0,17000.0,7200.0,11228.459273797842,7000.0,140950.0,0.049663001064207166,12100.0,7800.0
460,466,103,36,0.5825242718446602,12325.0,14550.0,9450.0,11945.315533980582,2325.0,142150.0,0.0163559620119592,11200.0,9350.0
477,458,93,43,-1.84645286686103,21000.0,22450.0,10000,16858.600583090378,11000.0,145450.0,0.07562736335510485,14050.0,9800
443,500,82,44,5.555555555555555,4425.0,11000.0,3525.0,7626.023391812865,-5575.0,164500.0,-0.03389057750759879,6500.0,4100.0
490,455,78,35,-3.41796875,24525.0,24525.0,9900,19735.1318359375,14525.0,151500.0,0.09587458745874587,15250.0,9900
455,485,86,37,2.9211295034079843,14125.0,17400.0,9800,12508.592989289193,4125.0,148950.0,0.02769385699899295,8850.0,8650.0
457,465,102,37,0.7804878048780488,16875.0,18375.0,10000,14367.780487804877,6875.0,131300.0,0.05236100533130236,11050.0,10000
472,478,77,31,0.5836575875486382,22525.0,22525.0,9300.0,14794.698443579766,12525.0,167600.0,0.07473150357995227,10950.0,7950.0
437,473,105,36,3.543307086614173,9475.0,12575.0,5625.0,9378.395669291338,-525.0,133850.0,-0.003922301083302204,8200.0,5200.0
404,471,87,27,6.95742471443406,0.0,13250.0,0.0,9324.32502596054,-10000.0,149250.0,-0.06700167504187604,4650.0,4650.0
439,488,95,29,4.789833822091887,8500.0,12000.0,4275.0,7858.870967741936,-1500.0,161200.0,-0.009305210918114143,6550.0,6450.0
462,480,87,41,1.7475728155339807,15675.0,16725.0,7000.0,13129.757281553399,5675.0,159700.0,0.03553537883531622,10250.0,7650.0
450,487,88,34,3.6062378167641325,13175.0,13875.0,4650.0,8597.076023391814,3175.0,151300.0,0.02098479841374752,8000.0,5850.0
429,494,99,39,6.35386119257087,4975.0,10650.0,3800.0,6979.692082111437,-5025.0,166150.0,-0.030243755642491724,5450.0,5200.0
431,490,97,32,5.789990186457311,3100.0,11450.0,2025.0,5964.229636898921,-6900.0,135550.0,-0.05090372556252305,5700.0,5700.0
441,494,85,43,5.190989226248776,10075.0,13575.0,7775.0,10018.021547502449,75.0,142700.0,0.0005255781359495446,6850.0,5550.0
436,496,93,31,5.847953216374268,7900.0,10250.0,3900.0,6989.498050682261,-2100.0,135750.0,-0.015469613259668509,5550.0,4100.0
434,505,80,27,6.96078431372549,8275.0,12275.0,4600.0,8529.362745098038,-1725.0,148450.0,-0.01162007409902324,4250.0,2650.0
468,472,80,41,0.3917727717923604,13575.0,16550.0,8100.0,12302.766895200784,3575.0,159450.0,0.022420821574161177,11650.0,7300.0
443,491,95,36,4.660194174757281,12750.0,14325.0,5450.0,10314.781553398057,2750.0,146200.0,0.01880984952120383,7000.0,5450.0
463,473,90,37,0.9737098344693282,12175.0,12175.0,4450.0,8265.01947419669,2175.0,155500.0,0.013987138263665594,10850.0,7150.0
464,488,78,40,2.3278370514064015,12850.0,14100.0,5825.0,9661.396702230844,2850.0,158750.0,0.017952755905511812,9600.0,7100.0
481,453,95,44,-2.7184466019417477,19625.0,19675.0,8600.0,14294.150485436894,9625.0,129500.0,0.07432432432432433,15000.0,8900.0
448,486,90,41,3.7073170731707314,8350.0,15950.0,8350.0,12974.463414634147,-1650.0,144850.0,-0.011391094235415948,8250.0,8100.0
448,489,76,35,4.043392504930966,7825.0,11425.0,5275.0,8110.700197238659,-2175.0,146500.0,-0.014846416382252559,7650.0,5750.0
453,490,85,35,3.5957240038872693,7700.0,13350.0,5575.0,10341.715257531585,-2300.0,160750.0,-0.014307931570762053,8050.0,7650.0
443,487,90,37,4.3095004897159646,6725.0,13100.0,4875.0,7917.311459353575,-3275.0,145750.0,-0.02246998284734134,7450.0,6600.0
445,484,94,44,3.80859375,8300.0,13650.0,6100.0,10064.55078125,-1700.0,145000.0,-0.011724137931034483,8300.0,7650.0
454,482,92,40,2.7210884353741496,13050.0,14900.0,10000,13045.359572400388,3050.0,146700.0,0.020790729379686436,9200.0,8750.0
432,503,91,21,6.91333982473223,1300.0,10300,1050.0,5562.268743914314,-8700.0,155950.0,-0.05578711125360693,3950.0,3550.0
467,469,85,36,0.19569471624266144,13150.0,14600.0,8050.0,11907.827788649707,3150.0,150850.0,0.02088167053364269,11600.0,8550.0
467,473,87,29,0.5836575875486382,12675.0,18025.0,7650.0,13700.072957198443,2675.0,155900.0,0.017158434894162924,10850.0,9050.0
486,457,81,37,-2.829268292682927,18550.0,20925.0,9550.0,15149.487804878048,8550.0,145900.0,0.05860178204249486,14750.0,9550.0
385,473,78,34,9.391675560298825,0.0,10600,0.0,5627.69477054429,-10000.0,138150.0,-0.07238508867173363,2900.0,2900.0
466,471,84,32,0.4892367906066536,10675.0,13200.0,7750.0,10502.323874755382,675.0,126150.0,0.00535077288941736,11100.0,7400.0
447,488,92,36,3.988326848249027,9900.0,15600.0,6450.0,12130.933852140079,-100.0,159250.0,-0.0006279434850863422,7700.0,7500.0
467,469,85,37,0.19569471624266144,25250.0,25650.0,7100.0,15689.236790606654,15250.0,156000.0,0.09775641025641026,11650.0,6850.0
450,494,74,30,4.317958783120707,5125.0,12850.0,4475.0,8980.520117762513,-4875.0,145150.0,-0.03358594557354461,7100.0,6850.0
446,501,79,36,5.355404089581304,7300.0,13075.0,4200.0,8507.935735150924,-2700.0,161450.0,-0.01672344379064726,6300.0,5150.0
443,488,94,34,4.385964912280701,6000.0,10400.0,4300.0,7251.413255360624,-4000.0,131400.0,-0.030441400304414,7200.0,5900.0
447,491,90,35,4.275996112730807,10425.0,14125.0,6325.0,10527.380952380952,425.0,169700.0,0.0025044195639363585,7350.0,7000.0
466,471,91,37,0.4859086491739553,10850.0,11950.0,6275.0,9663.726919339164,850.0,149850.0,0.005672339005672339,11350.0,9050.0
472,480,90,30,0.7670182166826461,16975.0,18025.0,9900,14440.484180249281,6975.0,139600.0,0.04996418338108882,10700.0,9900
445,493,90,37,4.664723032069971,9800.0,12100.0,6750.0,9754.907677356658,-200.0,168900.0,-0.0011841326228537595,7050.0,6300.0
456,501,83,35,4.322766570605188,12650.0,16900.0,9900,14223.102785782901,2650.0,138850.0,0.019085343896290963,7250.0,6900.0
425,515,88,29,8.746355685131196,8100.0,11650.0,5000.0,8093.780369290574,-1900.0,143600.0,-0.013231197771587743,2450.0,700.0
485,457,78,35,-2.742409402546523,21600.0,21600.0,8400.0,13841.870714985309,11600.0,134000.0,0.08656716417910448,14550.0,7300.0
450,486,86,37,3.519061583577713,11575.0,14225.0,9100.0,11821.33431085044,1575.0,140500.0,0.011209964412811389,8250.0,7700.0
479,462,89,41,-1.6488845780795343,22100.0,22525.0,8375.0,16314.209505334627,12100.0,144250.0,0.08388214904679377,13750.0,9300
457,488,90,36,2.9922779922779923,12825.0,18700.0,6100.0,12383.059845559845,2825.0,158300.0,0.017845862286797222,8700.0,8500.0
449,485,93,27,3.501945525291829,1662.5,11000.0,325.0,6122.811284046693,-8337.5,170525.0,-0.048893124175340856,7750.0,6550.0
458,478,87,36,1.953125,9350.0,16500.0,9350.0,13390.869140625,-650.0,125050.0,-0.005197920831667333,9800.0,9800.0
470,465,92,31,-0.48638132295719844,16600.0,16600.0,8700.0,12563.691634241246,6600.0,153650.0,0.042954767328343635,12050.0,8550.0
463,473,78,36,0.9852216748768473,18300.0,20925.0,9700,14610.0,8300.0,139250.0,0.05960502692998205,10800.0,8750.0
105,166,27,7,20.401337792642142,0.0,10250.0,0.0,4562.625418060201,-10000.0,43225.0,-0.2313475997686524,4250.0,4250.0
441,507,81,27,6.407766990291262,2400.0,12200.0,1600.0,5899.053398058252,-7600.0,141050.0,-0.05388160226869904,4750.0,4650.0
452,502,78,34,4.84027105517909,7500.0,15450.0,6550.0,10676.089060987415,-2500.0,143900.0,-0.017373175816539264,6700.0,6050.0
447,490,85,27,4.203323558162268,7175.0,11675.0,6625.0,8816.251221896384,-2825.0,131500.0,-0.021482889733840303,7050.0,6850.0
449,459,113,35,0.9784735812133072,13450.0,16575.0,7450.0,11878.228962818004,3450.0,155800.0,0.022143774069319642,10750.0,8750.0
495,455,77,35,-3.8910505836575875,23375.0,23475.0,9800.0,17121.49805447471,13375.0,140200.0,0.09539942938659059,15750.0,9750.0
458,487,80,34,2.8265107212475633,7350.0,12600.0,5700.0,9272.027290448343,-2650.0,133700.0,-0.019820493642483172,8800.0,7650.0
